,pseudotime_bin,pseudotime_center,program,mean_score,sem,n_cells
0,0,0.014549486,AT2_identity,0.7507069296856421,0.013939077715939397,1604
1,0,0.014549486,AT1_identity,-0.10522229352991333,0.005175864551488512,1604
2,0,0.014549486,interferon_response,-0.06857387304719642,0.0016710500593243647,1604
3,0,0.014549486,nfkb_inflammatory,-0.018776020352396724,0.0038824097643845026,1604
4,0,0.014549486,oxidative_stress,-0.07625415889364583,0.003742131309868114,1604
5,0,0.014549486,AT2_to_AT1_differentiation,-0.13184844617575261,0.004934486427098415,1604
6,0,0.014549486,apoptosis,-0.018273409059149787,0.0018734397899068912,1604
7,0,0.014549486,senescence,-0.04612246072758409,0.002661302714128042,1604
8,1,0.029743275,AT2_identity,0.7103619341584918,0.01034455145798666,2911
9,1,0.029743275,AT1_identity,-0.08261827816352711,0.0041225512433231285,2911
10,1,0.029743275,interferon_response,-0.05757923853859685,0.001224649369777939,2911
11,1,0.029743275,nfkb_inflammatory,0.01321576361236158,0.0031960335958834594,2911
12,1,0.029743275,oxidative_stress,-0.050744297926003386,0.0029410503082814275,2911
13,1,0.029743275,AT2_to_AT1_differentiation,-0.09023493067018211,0.004065252734967191,2911
14,1,0.029743275,apoptosis,-0.011745773485472613,0.0014860063912079766,2911
15,1,0.029743275,senescence,-0.0397133878148036,0.0019676020078474256,2911
16,2,0.04993634,AT2_identity,0.5275974076777751,0.012046972019481513,2315
17,2,0.04993634,AT1_identity,-0.09555518270263388,0.004667188549775753,2315
18,2,0.04993634,interferon_response,-0.03507381525337793,0.0026082214068855365,2315
19,2,0.04993634,nfkb_inflammatory,0.06610004666611546,0.004700500173052615,2315
20,2,0.04993634,oxidative_stress,-0.029426760372278083,0.0035826481482634886,2315
21,2,0.04993634,AT2_to_AT1_differentiation,-0.10385597609377376,0.004413859963745954,2315
22,2,0.04993634,apoptosis,-0.009761987078656822,0.0017560044927958797,2315
23,2,0.04993634,senescence,-0.03898321865628588,0.0023540773887861938,2315
24,3,0.06939533,AT2_identity,0.5756697909546793,0.013875025104894774,2138
25,3,0.06939533,AT1_identity,-0.08640269530896949,0.00508513971221761,2138
26,3,0.06939533,interferon_response,-0.00984734381594916,0.0038115678115685082,2138
27,3,0.06939533,nfkb_inflammatory,0.05966837208389462,0.005008746455121743,2138
28,3,0.06939533,oxidative_stress,-0.03079236291868931,0.003827691319212674,2138
29,3,0.06939533,AT2_to_AT1_differentiation,-0.10244095787032302,0.004839948120469173,2138
30,3,0.06939533,apoptosis,-0.006361405755464795,0.0018882908294529696,2138
31,3,0.06939533,senescence,-0.037110678658863465,0.0025556790281797835,2138
32,4,0.09056054,AT2_identity,0.41940793604111015,0.014081767392756376,1954
33,4,0.09056054,AT1_identity,0.028888809445018607,0.006854635151513643,1954
34,4,0.09056054,interferon_response,0.0008745645400595438,0.0037747135631545957,1954
35,4,0.09056054,nfkb_inflammatory,0.06307386665690644,0.005000676474861247,1954
36,4,0.09056054,oxidative_stress,-0.015728511136471644,0.004158237430746229,1954
37,4,0.09056054,AT2_to_AT1_differentiation,-0.05014991906875891,0.005520569395569487,1954
38,4,0.09056054,apoptosis,0.002858344148446315,0.002286611545086158,1954
39,4,0.09056054,senescence,-0.02801423728983327,0.002742399975113765,1954
40,5,0.1092512,AT2_identity,0.2206812564354777,0.013488778205792243,2172
41,5,0.1092512,AT1_identity,0.09201057039270287,0.007120804981098627,2172
42,5,0.1092512,interferon_response,0.01216789634916395,0.0036601773281544066,2172
43,5,0.1092512,nfkb_inflammatory,0.07062225253264816,0.004759923333762522,2172
44,5,0.1092512,oxidative_stress,0.0015015434847049033,0.0042052421229786165,2172
45,5,0.1092512,AT2_to_AT1_differentiation,0.04708255025283597,0.007113515178590452,2172
46,5,0.1092512,apoptosis,0.00805332051914808,0.002298856412974707,2172
47,5,0.1092512,senescence,-0.005192164204353826,0.0029995636197286224,2172
48,6,0.12943931,AT2_identity,0.12921384105090447,0.01769433222861208,1414
49,6,0.12943931,AT1_identity,0.2780076935679084,0.011655991017701362,1414
50,6,0.12943931,interferon_response,0.03353044156215285,0.004974140844985064,1414
51,6,0.12943931,nfkb_inflammatory,0.088654214068576,0.005878495650531863,1414
52,6,0.12943931,oxidative_stress,0.03926082627130247,0.0061284189657054575,1414
53,6,0.12943931,AT2_to_AT1_differentiation,0.16865801957803295,0.01192320816226974,1414
54,6,0.12943931,apoptosis,0.011673300888456847,0.0030319553694644437,1414
55,6,0.12943931,senescence,0.046722032237068487,0.004915966387586702,1414
56,7,0.14963849,AT2_identity,-0.09232330653815464,0.014685123600954114,1272
57,7,0.14963849,AT1_identity,0.3373257795130267,0.013733829423504037,1272
58,7,0.14963849,interferon_response,-0.0020057862741024593,0.0044643495279134545,1272
59,7,0.14963849,nfkb_inflammatory,0.0671483665316971,0.005769062391496568,1272
60,7,0.14963849,oxidative_stress,0.025371065756406498,0.0063600546902670176,1272
61,7,0.14963849,AT2_to_AT1_differentiation,0.06790494792307965,0.009560578098589085,1272
62,7,0.14963849,apoptosis,0.01141985449955971,0.0030572302165137533,1272
63,7,0.14963849,senescence,0.06253771805173994,0.00565101570454423,1272
64,8,0.16949089,AT2_identity,-0.1618130601867445,0.01759339379910529,1007
65,8,0.16949089,AT1_identity,0.565043317074316,0.017077434303758292,1007
66,8,0.16949089,interferon_response,0.010125141605842115,0.005087292557382549,1007
67,8,0.16949089,nfkb_inflammatory,0.03688572541020946,0.006206942837525496,1007
68,8,0.16949089,oxidative_stress,-0.003497746094349328,0.006623703042612418,1007
69,8,0.16949089,AT2_to_AT1_differentiation,0.06444875509122285,0.010129335699084835,1007
70,8,0.16949089,apoptosis,0.013170607984591545,0.003534707551419926,1007
71,8,0.16949089,senescence,0.049287544591257795,0.005874514328948505,1007
72,9,0.1908142,AT2_identity,-0.3471634037670781,0.012457542753800966,1019
73,9,0.1908142,AT1_identity,0.8922347006254667,0.013718038443562773,1019
74,9,0.1908142,interferon_response,-0.004709308905868367,0.0042215474146225845,1019
75,9,0.1908142,nfkb_inflammatory,0.029919142583058354,0.005948567604380861,1019
76,9,0.1908142,oxidative_stress,-0.03706910217795428,0.005612994797764151,1019
77,9,0.1908142,AT2_to_AT1_differentiation,0.04849370304073754,0.00945719617539447,1019
78,9,0.1908142,apoptosis,0.002149062443770739,0.0029024124283183036,1019
79,9,0.1908142,senescence,0.010043320029850028,0.004623216202313734,1019
80,10,0.21079332,AT2_identity,-0.5155594091652901,0.004615299110007189,1830
81,10,0.21079332,AT1_identity,1.039308560681921,0.008765665914333401,1830
82,10,0.21079332,interferon_response,-0.02046458443844096,0.0027946003011829834,1830
83,10,0.21079332,nfkb_inflammatory,0.020462228447940357,0.004066322033245315,1830
84,10,0.21079332,oxidative_stress,-0.048261304179956964,0.0039282988384220854,1830
85,10,0.21079332,AT2_to_AT1_differentiation,0.07930484229249406,0.006804087673706009,1830
86,10,0.21079332,apoptosis,-0.004194677277154803,0.0019514935132762662,1830
87,10,0.21079332,senescence,0.002980463913526785,0.003400861237660384,1830
88,11,0.22901694,AT2_identity,-0.5840618672680628,0.004285530913062978,1760
89,11,0.22901694,AT1_identity,1.1636266445855894,0.008445016878211732,1760
90,11,0.22901694,interferon_response,-0.04805070138828944,0.0021444594254926147,1760
91,11,0.22901694,nfkb_inflammatory,-0.0023553431151395222,0.004034269265530772,1760
92,11,0.22901694,oxidative_stress,-0.057407083594653546,0.003912532873107016,1760
93,11,0.22901694,AT2_to_AT1_differentiation,0.14688991837768062,0.007244826454682108,1760
94,11,0.22901694,apoptosis,-0.00825640209123846,0.001990737269111151,1760
95,11,0.22901694,senescence,0.00799949032155391,0.0035099547972710877,1760
96,12,0.24719816,AT2_identity,-0.578634035790206,0.006896066008791216,597
97,12,0.24719816,AT1_identity,1.2020910078652034,0.014588994135272796,597
98,12,0.24719816,interferon_response,-0.061048446169244576,0.0030964920814151027,597
99,12,0.24719816,nfkb_inflammatory,-0.022945766531881216,0.006684142811716952,597
100,12,0.24719816,oxidative_stress,-0.0659384736266162,0.006207907506559959,597
101,12,0.24719816,AT2_to_AT1_differentiation,0.16334271181618598,0.01195785857333748,597
102,12,0.24719816,apoptosis,-0.0009971658967222903,0.003688601929673239,597
103,12,0.24719816,senescence,0.003334623168068763,0.005865980915256089,597
104,13,0.26650864,AT2_identity,-0.5586531857569772,0.0162997327729109,87
105,13,0.26650864,AT1_identity,1.2492161300788975,0.04262204683463505,87
106,13,0.26650864,interferon_response,-0.05076371864689716,0.008813342503715056,87
107,13,0.26650864,nfkb_inflammatory,-0.028042298725939458,0.01751335108949085,87
108,13,0.26650864,oxidative_stress,-0.04135055161851337,0.020314126626372865,87
109,13,0.26650864,AT2_to_AT1_differentiation,0.16070880382382385,0.03198259444488882,87
110,13,0.26650864,apoptosis,-0.017781481914075102,0.00946067775397856,87
111,13,0.26650864,senescence,-0.017845490474388274,0.012622762842083112,87
112,14,0.28228635,AT2_identity,-0.5826661054156457,0.061241209348223094,7
113,14,0.28228635,AT1_identity,1.0937358171735982,0.2293543402307949,7
114,14,0.28228635,interferon_response,-0.0786531117866259,0.019907395645979063,7
115,14,0.28228635,nfkb_inflammatory,-0.09096678696958758,0.030531324741793636,7
116,14,0.28228635,oxidative_stress,-0.1264170737899032,0.05554223314521259,7
117,14,0.28228635,AT2_to_AT1_differentiation,0.11464074269917712,0.0730652519034381,7
118,14,0.28228635,apoptosis,-0.03398077722206437,0.028562805365990446,7
119,14,0.28228635,senescence,-0.043124023203108076,0.03313500459894387,7
120,15,0.31355533,AT2_identity,-0.1886707835481807,0.0,1
121,15,0.31355533,AT1_identity,-0.197034669098703,0.0,1
122,15,0.31355533,interferon_response,-0.06980094820340006,0.0,1
123,15,0.31355533,nfkb_inflammatory,-0.06941292455484978,0.0,1
124,15,0.31355533,oxidative_stress,0.1523899059305865,0.0,1
125,15,0.31355533,AT2_to_AT1_differentiation,-0.21942847894260267,0.0,1
126,15,0.31355533,apoptosis,-0.04535156403041997,0.0,1
127,15,0.31355533,senescence,-0.04523818512034392,0.0,1
128,29,0.5910236,AT2_identity,-0.3384078123814745,0.0,1
129,29,0.5910236,AT1_identity,-0.19818684070752432,0.0,1
130,29,0.5910236,interferon_response,-0.07840358533484477,0.0,1
131,29,0.5910236,nfkb_inflammatory,-0.08827921635079035,0.0,1
132,29,0.5910236,oxidative_stress,-0.05226905688989651,0.0,1
133,29,0.5910236,AT2_to_AT1_differentiation,-0.18494466259758982,0.0,1
134,29,0.5910236,apoptosis,0.16526613862706133,0.0,1
135,29,0.5910236,senescence,-0.08434645660322769,0.0,1
136,34,0.68443817,AT2_identity,-0.6681202543437341,0.0,1
137,34,0.68443817,AT1_identity,-0.18333027674600189,0.0,1
138,34,0.68443817,interferon_response,-0.047301206278190136,0.0,1
139,34,0.68443817,nfkb_inflammatory,0.06151957993311791,0.0,1
140,34,0.68443817,oxidative_stress,-0.14504733185542185,0.0,1
141,34,0.68443817,AT2_to_AT1_differentiation,-0.2539908183202153,0.0,1
142,34,0.68443817,apoptosis,0.003481710984642228,0.0,1
143,34,0.68443817,senescence,-0.17174815507671454,0.0,1
144,35,0.7100758,AT2_identity,-0.43981202162455785,0.0,1
145,35,0.7100758,AT1_identity,-0.24891558095737665,0.0,1
146,35,0.7100758,interferon_response,-0.06236324504251236,0.0,1
147,35,0.7100758,nfkb_inflammatory,0.11303578857178741,0.0,1
148,35,0.7100758,oxidative_stress,-0.08551756065469897,0.0,1
149,35,0.7100758,AT2_to_AT1_differentiation,-0.30674397986600427,0.0,1
150,35,0.7100758,apoptosis,-0.02708107089144634,0.0,1
151,35,0.7100758,senescence,0.17396358444112664,0.0,1
152,36,0.7229176,AT2_identity,-0.4401438034223722,0.0,1
153,36,0.7229176,AT1_identity,-0.23026676519111253,0.0,1
154,36,0.7229176,interferon_response,-0.12855450315647776,0.0,1
155,36,0.7229176,nfkb_inflammatory,-0.12949929765102583,0.0,1
156,36,0.7229176,oxidative_stress,-0.17166550009117804,0.0,1
157,36,0.7229176,AT2_to_AT1_differentiation,0.4675186024790135,0.0,1
158,36,0.7229176,apoptosis,-0.07484880749920655,0.0,1
159,36,0.7229176,senescence,-0.12860760610048558,0.0,1
160,37,0.74445164,AT2_identity,-0.4023268383283147,0.0,1
161,37,0.74445164,AT1_identity,0.17958968170722253,0.0,1
162,37,0.74445164,interferon_response,-0.06137808230629701,0.0,1
163,37,0.74445164,nfkb_inflammatory,0.17715974980183144,0.0,1
164,37,0.74445164,oxidative_stress,0.20593443721755522,0.0,1
165,37,0.74445164,AT2_to_AT1_differentiation,0.5742900449426738,0.0,1
166,37,0.74445164,apoptosis,-0.022752900857704976,0.0,1
167,37,0.74445164,senescence,-0.07565339535186905,0.0,1
168,38,0.7702098,AT2_identity,-0.4718694937676468,0.09690476103991909,3
169,38,0.7702098,AT1_identity,0.07389235537787117,0.2162367455271038,3
170,38,0.7702098,interferon_response,-0.08197750103220315,0.010671490982831499,3
171,38,0.7702098,nfkb_inflammatory,-0.002039368880392134,0.11459937255893185,3
172,38,0.7702098,oxidative_stress,0.041651086569010065,0.07615459522421804,3
173,38,0.7702098,AT2_to_AT1_differentiation,0.18972129072237776,0.19163887572118968,3
174,38,0.7702098,apoptosis,0.012467293811600623,0.053409633073173826,3
175,38,0.7702098,senescence,0.09296179865857135,0.10661061569772198,3
176,39,0.78734535,AT2_identity,-0.4917640338442905,0.12628798160491772,3
177,39,0.78734535,AT1_identity,0.02302212899560262,0.11404937336059434,3
178,39,0.78734535,interferon_response,-0.08857959326914766,0.02892205892754291,3
179,39,0.78734535,nfkb_inflammatory,0.045175519639148454,0.12669789291290215,3
180,39,0.78734535,oxidative_stress,0.0016746398834929417,0.07806693901334107,3
181,39,0.78734535,AT2_to_AT1_differentiation,-0.14396452929194523,0.16226189992197745,3
182,39,0.78734535,apoptosis,0.07793291803594445,0.07761653901856733,3
183,39,0.78734535,senescence,-0.042757116591215116,0.03794044153958049,3
184,40,0.81264704,AT2_identity,-0.4907945945598698,0.07878242860586844,4
185,40,0.81264704,AT1_identity,-0.059644889521634145,0.11596786447030961,4
186,40,0.81264704,interferon_response,0.041904127052870443,0.0947678067035865,4
187,40,0.81264704,nfkb_inflammatory,-0.09357941969062936,0.026420065988433078,4
188,40,0.81264704,oxidative_stress,-0.11028328578821014,0.06368632005355694,4
189,40,0.81264704,AT2_to_AT1_differentiation,0.27176768591025624,0.13943863239716428,4
190,40,0.81264704,apoptosis,-0.014297787816814976,0.03258969697282992,4
191,40,0.81264704,senescence,0.09594052033582894,0.14288132371587156,4
192,41,0.8317682,AT2_identity,-0.3890271159751189,0.030323543784598558,4
193,41,0.8317682,AT1_identity,-0.017174191874010702,0.09807316130064299,4
194,41,0.8317682,interferon_response,0.19800392039593454,0.13262740289382458,4
195,41,0.8317682,nfkb_inflammatory,-0.08289712254652279,0.006267026039981635,4
196,41,0.8317682,oxidative_stress,-0.0493753248182873,0.0573628347439495,4
197,41,0.8317682,AT2_to_AT1_differentiation,0.06561157671843561,0.14632976572338177,4
198,41,0.8317682,apoptosis,0.11650838585580381,0.09983902955644612,4
199,41,0.8317682,senescence,-0.014667534622343527,0.08767297205871183,4
200,42,0.85084057,AT2_identity,-0.3439315084703696,0.023012296852044284,2
201,42,0.85084057,AT1_identity,0.11173009741875996,0.024162609601683493,2
202,42,0.85084057,interferon_response,-0.01595499184072624,0.11492079135001743,2
203,42,0.85084057,nfkb_inflammatory,-0.12762815625799168,0.0006176488451176271,2
204,42,0.85084057,oxidative_stress,0.004536464948474997,0.12979418080945368,2
205,42,0.85084057,AT2_to_AT1_differentiation,0.3973639974524842,0.017723914212607245,2
206,42,0.85084057,apoptosis,0.03720128296887739,0.08143062710901494,2
207,42,0.85084057,senescence,-0.07983280658327543,0.009924486977597914,2
208,43,0.8659618,AT2_identity,-0.454527949246458,0.004226387868270888,3
209,43,0.8659618,AT1_identity,-0.04623354467104748,0.04934420161256121,3
210,43,0.8659618,interferon_response,0.3287077122260854,0.10525279167396455,3
211,43,0.8659618,nfkb_inflammatory,-0.12518750894178785,0.014717267807116156,3
212,43,0.8659618,oxidative_stress,-0.16852268203340326,0.04062229299575618,3
213,43,0.8659618,AT2_to_AT1_differentiation,-0.028877663569642848,0.08308224401373372,3
214,43,0.8659618,apoptosis,-0.05166068754066886,0.00614610358459306,3
215,43,0.8659618,senescence,0.1923305707903282,0.15182871685708277,3
216,44,0.8830418,AT2_identity,-0.5804406082904502,0.023931083145494296,3
217,44,0.8830418,AT1_identity,-0.1453424834676787,0.13059238412987995,3
218,44,0.8830418,interferon_response,-0.09202473530302265,0.03493909716863288,3
219,44,0.8830418,nfkb_inflammatory,-0.10493756729903032,0.038521667813880736,3
220,44,0.8830418,oxidative_stress,-0.04258175452097824,0.09032219553046658,3
221,44,0.8830418,AT2_to_AT1_differentiation,-0.008475716421805344,0.18821107544743765,3
222,44,0.8830418,apoptosis,0.06347830857110681,0.08542819886844061,3
223,44,0.8830418,senescence,0.11101688242938317,0.17063940048657378,3
224,45,0.911002,AT2_identity,-0.46707589427565105,0.039630541282126036,3
225,45,0.911002,AT1_identity,-0.15496019579760542,0.045091473880087475,3
226,45,0.911002,interferon_response,0.210976708696251,0.08901438697444453,3
227,45,0.911002,nfkb_inflammatory,-0.1289429712568163,0.015425573307187024,3
228,45,0.911002,oxidative_stress,-0.1722866313121947,0.015379699024917447,3
229,45,0.911002,AT2_to_AT1_differentiation,0.10596293221240725,0.2045026817106102,3
230,45,0.911002,apoptosis,0.06766926497167713,0.1228196451067221,3
231,45,0.911002,senescence,0.030848387038063137,0.061322050361837896,3
232,46,0.9352474,AT2_identity,-0.7476384622712976,0.08667435274597177,3
233,46,0.9352474,AT1_identity,-0.2038089940696383,0.11130372412631619,3
234,46,0.9352474,interferon_response,0.022593990278723646,0.0960287647841604,3
235,46,0.9352474,nfkb_inflammatory,0.08152644312680264,0.06570187534009048,3
236,46,0.9352474,oxidative_stress,-0.07923199784094644,0.03050750338948909,3
237,46,0.9352474,AT2_to_AT1_differentiation,-0.016042138356513413,0.2022345597791666,3
238,46,0.9352474,apoptosis,-0.03602828918582011,0.05426467966589409,3
239,46,0.9352474,senescence,0.23776334927715645,0.1128383355470142,3
240,47,0.95068157,AT2_identity,-0.6355236143391759,0.0297476821577034,2
241,47,0.95068157,AT1_identity,-0.07970906070048499,0.002797003363345082,2
242,47,0.95068157,interferon_response,0.02648931972290708,0.1607016901877789,2
243,47,0.95068157,nfkb_inflammatory,-0.05368955285969915,0.0994387232051079,2
244,47,0.95068157,oxidative_stress,-0.19922096174529907,0.03559775645894061,2
245,47,0.95068157,AT2_to_AT1_differentiation,-0.07169917064364756,0.3156508271308135,2
246,47,0.95068157,apoptosis,0.1458552174147733,0.07231821107541433,2
247,47,0.95068157,senescence,0.07732881676361128,0.028588141459390395,2
248,48,0.9738086,AT2_identity,-0.5359934113782959,0.025976008243721288,3
249,48,0.9738086,AT1_identity,-0.22724690203224154,0.04802437294453898,3
250,48,0.9738086,interferon_response,0.12878806834759413,0.19490486025908327,3
251,48,0.9738086,nfkb_inflammatory,-0.15313299811444173,0.01161801357641035,3
252,48,0.9738086,oxidative_stress,-0.11466045749432718,0.09401907198988758,3
253,48,0.9738086,AT2_to_AT1_differentiation,0.20111661782570847,0.067584436684439,3
254,48,0.9738086,apoptosis,0.11370472119478829,0.0913510360067333,3
255,48,0.9738086,senescence,0.13872827056397904,0.06354110276005956,3
256,49,0.99914277,AT2_identity,-0.7170997729878429,0.021201675903875006,2
257,49,0.99914277,AT1_identity,-0.031717643073973706,0.01577059646051862,2
258,49,0.99914277,interferon_response,-0.11236254503144465,0.07306506596737473,2
259,49,0.99914277,nfkb_inflammatory,-0.0025312189641218813,0.03726109800170459,2
260,49,0.99914277,oxidative_stress,-0.08641497410049157,0.04847278936938564,2
261,49,0.99914277,AT2_to_AT1_differentiation,0.310749925250174,0.22854393913181606,2
262,49,0.99914277,apoptosis,0.15293314596612392,0.11912320876671313,2
263,49,0.99914277,senescence,0.12201426099127781,0.09155502516471682,2
