pseudotime_bin,pseudotime_center,program,mean_score,sem,n_cells
0,0.008734451,AT2_identity,0.21679684160430762,0.2509882890724134,2
0,0.008734451,AT1_identity,-0.13475610029223867,0.006049571099959544,2
0,0.008734451,interferon_response,-0.043951217671883,0.014698874959705802,2
0,0.008734451,nfkb_inflammatory,0.17791054725429029,0.2780735621897749,2
0,0.008734451,oxidative_stress,0.01848874335477607,0.14871879820956557,2
0,0.008734451,AT2_to_AT1_differentiation,-0.17944527472076016,0.008047491704583312,2
0,0.008734451,apoptosis,-0.016218731235732437,0.009718345969064679,2
0,0.008734451,senescence,-0.040175807684626655,0.0037017928653807174,2
1,0.03424155,AT2_identity,0.27294203758490193,0.08121803136215136,39
1,0.03424155,AT1_identity,-0.01694230632437879,0.03258838496622307,39
1,0.03424155,interferon_response,-0.02205943527129937,0.013341217719364062,39
1,0.03424155,nfkb_inflammatory,0.134199610716558,0.03632024267894444,39
1,0.03424155,oxidative_stress,-0.011244417696587782,0.027401933885666842,39
1,0.03424155,AT2_to_AT1_differentiation,0.010406086609033048,0.037050237565524544,39
1,0.03424155,apoptosis,-0.008612247654161246,0.01031949760892916,39
1,0.03424155,senescence,-0.011766547089302281,0.01637597035652644,39
2,0.051854488,AT2_identity,0.26615108961112144,0.037298891863756185,229
2,0.051854488,AT1_identity,0.022680537375446973,0.014262766946031638,229
2,0.051854488,interferon_response,-0.04271552852177153,0.0037979030697033026,229
2,0.051854488,nfkb_inflammatory,0.06347232870094852,0.012078775258924307,229
2,0.051854488,oxidative_stress,-0.027480802291966443,0.009812795140752738,229
2,0.051854488,AT2_to_AT1_differentiation,-0.020719626647970356,0.013233893516086028,229
2,0.051854488,apoptosis,-0.010128488152343842,0.0039472272199710485,229
2,0.051854488,senescence,-0.02496117887187456,0.006358285239184487,229
3,0.07049442,AT2_identity,0.1861418487400608,0.02489290172634548,374
3,0.07049442,AT1_identity,0.026999156612263226,0.011172307133820081,374
3,0.07049442,interferon_response,-0.04117875504725965,0.0033849252758430754,374
3,0.07049442,nfkb_inflammatory,0.04472840599463403,0.01010603835636006,374
3,0.07049442,oxidative_stress,-0.04263995989439548,0.008476564444340558,374
3,0.07049442,AT2_to_AT1_differentiation,-0.018922426941389143,0.010999889615702224,374
3,0.07049442,apoptosis,-0.002990787031272831,0.003998345727220018,374
3,0.07049442,senescence,-0.02589085971521342,0.004848044003422948,374
4,0.090683304,AT2_identity,0.24466758742713565,0.022838295857588762,565
4,0.090683304,AT1_identity,0.0054322914207744245,0.009547667284030427,565
4,0.090683304,interferon_response,-0.0479133584826594,0.0027597102102445434,565
4,0.090683304,nfkb_inflammatory,0.03034392308295077,0.007734545529771542,565
4,0.090683304,oxidative_stress,-0.04983414330776485,0.006706531693182358,565
4,0.090683304,AT2_to_AT1_differentiation,-0.02625203748972948,0.00868395303947247,565
4,0.090683304,apoptosis,-0.016667389726526427,0.0025925022878775413,565
4,0.090683304,senescence,-0.025513516620678803,0.004165471739282659,565
5,0.11027407,AT2_identity,0.31553521576594473,0.017267890386228512,955
5,0.11027407,AT1_identity,0.00375873126350947,0.006963087235641445,955
5,0.11027407,interferon_response,-0.05140597899648486,0.0020097522719152534,955
5,0.11027407,nfkb_inflammatory,0.003335675641493401,0.005780483006852398,955
5,0.11027407,oxidative_stress,-0.06560134034199869,0.005134703225764223,955
5,0.11027407,AT2_to_AT1_differentiation,-0.03617316059515869,0.0066868149005404895,955
5,0.11027407,apoptosis,-0.007028445240219435,0.00255177971773759,955
5,0.11027407,senescence,-0.016853883483993585,0.0035477725326833135,955
6,0.12953378,AT2_identity,0.438993056593113,0.017053682690358694,1203
6,0.12953378,AT1_identity,-0.011243726550046393,0.0058712970318782025,1203
6,0.12953378,interferon_response,-0.04962574296074481,0.002007318357999535,1203
6,0.12953378,nfkb_inflammatory,0.01142356475483945,0.005302577952124142,1203
6,0.12953378,oxidative_stress,-0.0600015458954127,0.004490659390411008,1203
6,0.12953378,AT2_to_AT1_differentiation,-0.038193650919189914,0.00581768668091464,1203
6,0.12953378,apoptosis,-0.0064143427843815414,0.002285446543687862,1203
6,0.12953378,senescence,-0.026842317147375328,0.0029887922805331107,1203
7,0.14974168,AT2_identity,0.43339458572061473,0.02042363848287545,1036
7,0.14974168,AT1_identity,-0.007954516171255688,0.006645752582907748,1036
7,0.14974168,interferon_response,-0.0505963361856204,0.0022142773523526962,1036
7,0.14974168,nfkb_inflammatory,0.031758907416056886,0.0060364740843067985,1036
7,0.14974168,oxidative_stress,-0.04520296084058617,0.005066582628724802,1036
7,0.14974168,AT2_to_AT1_differentiation,-0.02358388455935717,0.006674816720991434,1036
7,0.14974168,apoptosis,-0.004729984084438986,0.002449141931202649,1036
7,0.14974168,senescence,-0.02535730719111743,0.0032243604382471485,1036
8,0.1695747,AT2_identity,0.30452617950218847,0.02153151154725471,877
8,0.1695747,AT1_identity,-0.013981592341471331,0.006780466396603566,877
8,0.1695747,interferon_response,-0.042989148223610434,0.002987706645150414,877
8,0.1695747,nfkb_inflammatory,0.064053721113705,0.00703957962659045,877
8,0.1695747,oxidative_stress,-0.02661735166936158,0.005702971345605258,877
8,0.1695747,AT2_to_AT1_differentiation,-0.01362925195700764,0.007096450468861592,877
8,0.1695747,apoptosis,-0.010522536722711683,0.002421483311767914,877
8,0.1695747,senescence,-0.02032967179291905,0.0036780848420770247,877
9,0.18965375,AT2_identity,0.21688323875964224,0.021171962212783387,881
9,0.18965375,AT1_identity,-0.02914533043475719,0.007024836765772799,881
9,0.18965375,interferon_response,-0.026052060011137503,0.003664081845051627,881
9,0.18965375,nfkb_inflammatory,0.05510829976401355,0.007428411198072775,881
9,0.18965375,oxidative_stress,-0.02684154343329963,0.005738207708403278,881
9,0.18965375,AT2_to_AT1_differentiation,-0.03385454458955237,0.00682302493856523,881
9,0.18965375,apoptosis,-0.0025805281526819013,0.002755696638333667,881
9,0.18965375,senescence,-0.017650066463898058,0.003730669237500872,881
10,0.20993482,AT2_identity,0.2806237873981487,0.022895733488742465,733
10,0.20993482,AT1_identity,-0.014426306809631048,0.007923489788980583,733
10,0.20993482,interferon_response,-0.02066543035999584,0.004909940091938647,733
10,0.20993482,nfkb_inflammatory,0.03635068182039339,0.007372778796834065,733
10,0.20993482,oxidative_stress,-0.02201333425938117,0.006343710467105566,733
10,0.20993482,AT2_to_AT1_differentiation,-0.028637563173689796,0.0077870356401709825,733
10,0.20993482,apoptosis,0.003906072941186985,0.003385350304473278,733
10,0.20993482,senescence,-0.02495362684659804,0.003968665846163863,733
11,0.2295125,AT2_identity,0.35393581191849044,0.02437310593660209,709
11,0.2295125,AT1_identity,-0.015456236658882783,0.007896473251540076,709
11,0.2295125,interferon_response,-0.01144892126182158,0.005542796928815402,709
11,0.2295125,nfkb_inflammatory,0.0414379872646121,0.007772760628282345,709
11,0.2295125,oxidative_stress,-0.022438632294225058,0.00657288608162734,709
11,0.2295125,AT2_to_AT1_differentiation,-0.026373860489378922,0.007751644508244563,709
11,0.2295125,apoptosis,0.0006147839601452896,0.0032748827533304785,709
11,0.2295125,senescence,-0.01966326031052472,0.00414661781036864,709
12,0.249607,AT2_identity,0.3165195913324377,0.02548315549215838,656
12,0.249607,AT1_identity,-0.0005420357732236128,0.008858021664779574,656
12,0.249607,interferon_response,0.002220743807952891,0.006540578635421963,656
12,0.249607,nfkb_inflammatory,0.08806707197708809,0.00948559341302287,656
12,0.249607,oxidative_stress,-0.0024018244331177954,0.007617787754401754,656
12,0.249607,AT2_to_AT1_differentiation,-0.012517017347690975,0.00894109398118698,656
12,0.249607,apoptosis,0.001579118042800856,0.0033951305453007426,656
12,0.249607,senescence,-0.01962839010759202,0.00460344108979601,656
13,0.26969147,AT2_identity,0.3652165244152248,0.030522132471702504,547
13,0.26969147,AT1_identity,-0.010391966251809288,0.00918434247166141,547
13,0.26969147,interferon_response,0.0057665083744332804,0.006839443298390855,547
13,0.26969147,nfkb_inflammatory,0.08873020598743862,0.010626565670937354,547
13,0.26969147,oxidative_stress,0.0018948923112298867,0.007908470797264075,547
13,0.26969147,AT2_to_AT1_differentiation,-0.016020199553740344,0.009670427978401579,547
13,0.26969147,apoptosis,0.006638319552211449,0.0041192377473329355,547
13,0.26969147,senescence,-0.01634718715067068,0.00463840727023228,547
14,0.28930905,AT2_identity,0.3863302121693733,0.033383361040496835,413
14,0.28930905,AT1_identity,0.023792992134480197,0.011543298989382994,413
14,0.28930905,interferon_response,0.033136128539739525,0.010293606383980454,413
14,0.28930905,nfkb_inflammatory,0.09422236528080055,0.012114015392349933,413
14,0.28930905,oxidative_stress,-0.007555360449992629,0.008646655595624808,413
14,0.28930905,AT2_to_AT1_differentiation,0.006954851860080673,0.01187420038571778,413
14,0.28930905,apoptosis,0.012188290042026975,0.004944350346117895,413
14,0.28930905,senescence,-0.013521174612856336,0.006008640819523507,413
15,0.3093824,AT2_identity,0.3421036705301873,0.03895420556987234,286
15,0.3093824,AT1_identity,0.03834003373417126,0.015325140138300225,286
15,0.3093824,interferon_response,-0.0007863759078848135,0.00923228701984286,286
15,0.3093824,nfkb_inflammatory,0.08705099336366152,0.015744652229883308,286
15,0.3093824,oxidative_stress,0.0004484937989607151,0.010547590449295024,286
15,0.3093824,AT2_to_AT1_differentiation,0.04170403954527126,0.015170691470934076,286
15,0.3093824,apoptosis,0.008304731773417806,0.005589085837190923,286
15,0.3093824,senescence,-0.013345774905387705,0.007397886799674001,286
16,0.32983065,AT2_identity,0.44941399632667234,0.041566619066685316,261
16,0.32983065,AT1_identity,0.07984571800956092,0.016995187826890034,261
16,0.32983065,interferon_response,-0.007229191111391463,0.0077064872601670265,261
16,0.32983065,nfkb_inflammatory,0.05364315515285511,0.013325485236459931,261
16,0.32983065,oxidative_stress,0.010552400529935948,0.011783612612329682,261
16,0.32983065,AT2_to_AT1_differentiation,0.02047103541391307,0.013792484679503607,261
16,0.32983065,apoptosis,0.009545272166752732,0.005949448329616901,261
16,0.32983065,senescence,-0.004664449130921437,0.0071675373721731715,261
17,0.34905648,AT2_identity,0.47167564270162593,0.04547298529634548,219
17,0.34905648,AT1_identity,0.06687184283093817,0.01796939688214896,219
17,0.34905648,interferon_response,0.011202239826736467,0.009741989229346657,219
17,0.34905648,nfkb_inflammatory,0.04898981348807988,0.013676522144805782,219
17,0.34905648,oxidative_stress,0.01577698727580968,0.01293214418217331,219
17,0.34905648,AT2_to_AT1_differentiation,0.06960809736155929,0.016966018300108163,219
17,0.34905648,apoptosis,0.006820344268923896,0.006472708115029606,219
17,0.34905648,senescence,-0.015125606994063491,0.0077535924846372384,219
18,0.3699283,AT2_identity,0.3621721566046601,0.04681907587262549,148
18,0.3699283,AT1_identity,0.06246663566547957,0.020661986470928997,148
18,0.3699283,interferon_response,0.006617446340619812,0.01139149582298478,148
18,0.3699283,nfkb_inflammatory,0.07901727512005866,0.0172904532753221,148
18,0.3699283,oxidative_stress,0.02595750368611183,0.015226889998997567,148
18,0.3699283,AT2_to_AT1_differentiation,0.029461388556474007,0.018923154768316096,148
18,0.3699283,apoptosis,0.012738548595676873,0.008192759919457811,148
18,0.3699283,senescence,-0.0032331172901120405,0.009618553145420388,148
19,0.38958824,AT2_identity,0.49471002668949554,0.059693408382837154,116
19,0.38958824,AT1_identity,0.02582462281212824,0.023300450880002828,116
19,0.38958824,interferon_response,0.04783116450361861,0.018279891867327834,116
19,0.38958824,nfkb_inflammatory,0.060823334878718965,0.019009954499434656,116
19,0.38958824,oxidative_stress,0.02075257794375082,0.017770670248278192,116
19,0.38958824,AT2_to_AT1_differentiation,0.07811953226413307,0.027090278021833333,116
19,0.38958824,apoptosis,0.003996556618598182,0.009459898592503582,116
19,0.38958824,senescence,0.020578761022993095,0.013101398176836518,116
20,0.40920955,AT2_identity,0.6297025689829892,0.055067806097867544,125
20,0.40920955,AT1_identity,0.04760004642394863,0.022673170752468497,125
20,0.40920955,interferon_response,0.019867447502944467,0.01333342397289097,125
20,0.40920955,nfkb_inflammatory,0.0724508341816433,0.017292307966456692,125
20,0.40920955,oxidative_stress,0.0626979758645629,0.018246286608123365,125
20,0.40920955,AT2_to_AT1_differentiation,0.12593260760839017,0.02894581513807028,125
20,0.40920955,apoptosis,-0.0028400703839560853,0.00762721149267421,125
20,0.40920955,senescence,-0.015655885741246954,0.010950378586666648,125
21,0.4295971,AT2_identity,0.6145724390470768,0.05490918646096985,124
21,0.4295971,AT1_identity,0.10823818403809948,0.02469725874745932,124
21,0.4295971,interferon_response,0.0427943864047008,0.016010891171118476,124
21,0.4295971,nfkb_inflammatory,0.06995376720732911,0.01658216228122486,124
21,0.4295971,oxidative_stress,0.04495485681055427,0.018454504664845113,124
21,0.4295971,AT2_to_AT1_differentiation,0.2181032036485382,0.028610266662409307,124
21,0.4295971,apoptosis,-0.0019415625016468315,0.007845195219839765,124
21,0.4295971,senescence,-0.0018261040115123252,0.0131117964386226,124
22,0.45119616,AT2_identity,0.573813488516206,0.057265963915887175,106
22,0.45119616,AT1_identity,0.11457983034383504,0.026838197194489564,106
22,0.45119616,interferon_response,0.030889097040327683,0.01703091915184867,106
22,0.45119616,nfkb_inflammatory,0.0929231705185673,0.015907761030188643,106
22,0.45119616,oxidative_stress,0.0635356525003959,0.02017641272753337,106
22,0.45119616,AT2_to_AT1_differentiation,0.17551766410816294,0.031102140091398965,106
22,0.45119616,apoptosis,-0.004845607600803522,0.010268020908320677,106
22,0.45119616,senescence,0.009554090072671538,0.013050599220661404,106
23,0.47114256,AT2_identity,0.7851821714525704,0.08056997315853143,86
23,0.47114256,AT1_identity,0.07555844711600809,0.026549513146933143,86
23,0.47114256,interferon_response,0.07249667604925442,0.022924845699513096,86
23,0.47114256,nfkb_inflammatory,0.07309292664108717,0.019962275773510632,86
23,0.47114256,oxidative_stress,0.12717291730211536,0.028150625172028727,86
23,0.47114256,AT2_to_AT1_differentiation,0.23081096386200145,0.040007190017679155,86
23,0.47114256,apoptosis,0.022674284360486924,0.012775680752719789,86
23,0.47114256,senescence,0.006401837290619954,0.015996450525177737,86
24,0.49040797,AT2_identity,0.5138272698842953,0.09428930938829387,65
24,0.49040797,AT1_identity,0.040322682078298,0.029877214401633937,65
24,0.49040797,interferon_response,0.03182313523238442,0.018662475052653376,65
24,0.49040797,nfkb_inflammatory,0.08337792870035506,0.023261882082221366,65
24,0.49040797,oxidative_stress,0.10713990581129652,0.02650489335135132,65
24,0.49040797,AT2_to_AT1_differentiation,0.10472835475395693,0.04403485814189567,65
24,0.49040797,apoptosis,0.00586839735982274,0.014549340733716923,65
24,0.49040797,senescence,0.02003150628179589,0.02162056392787466,65
25,0.5097092,AT2_identity,0.6632249975577448,0.09455445542832051,60
25,0.5097092,AT1_identity,0.12401101321248516,0.04007167426739568,60
25,0.5097092,interferon_response,0.01697100506470608,0.01709517739251968,60
25,0.5097092,nfkb_inflammatory,0.10639069102224735,0.031308422157176996,60
25,0.5097092,oxidative_stress,0.14725194205625064,0.03337118632216965,60
25,0.5097092,AT2_to_AT1_differentiation,0.2198446103690238,0.047510621488125356,60
25,0.5097092,apoptosis,0.028700792760196017,0.015569664997662203,60
25,0.5097092,senescence,0.07176574907236953,0.022094959775502136,60
26,0.5291731,AT2_identity,0.7922939260653075,0.09696865287202862,70
26,0.5291731,AT1_identity,0.13363022728474963,0.03497517179999045,70
26,0.5291731,interferon_response,0.0639442969902548,0.017299205759863576,70
26,0.5291731,nfkb_inflammatory,0.15855398072785876,0.022134538330148227,70
26,0.5291731,oxidative_stress,0.1514690732562619,0.028310625311912075,70
26,0.5291731,AT2_to_AT1_differentiation,0.4131777608528638,0.049391127522084244,70
26,0.5291731,apoptosis,0.032855784756414215,0.015535107636111939,70
26,0.5291731,senescence,0.009118817795877476,0.015422636112943233,70
27,0.5496507,AT2_identity,0.7709237559955345,0.10593850508053534,46
27,0.5496507,AT1_identity,0.053184075109621,0.03467034572452332,46
27,0.5496507,interferon_response,0.08128479007566751,0.026474152229064622,46
27,0.5496507,nfkb_inflammatory,0.09119280733634669,0.023467828648232825,46
27,0.5496507,oxidative_stress,0.1459960413292099,0.03654805893421805,46
27,0.5496507,AT2_to_AT1_differentiation,0.18721889947452497,0.05069975375914803,46
27,0.5496507,apoptosis,0.03925289876763462,0.017925046115636147,46
27,0.5496507,senescence,0.003592697339025899,0.018247060388481284,46
28,0.56983036,AT2_identity,1.3237908818114172,0.1066874201306504,60
28,0.56983036,AT1_identity,0.15537397728451766,0.03200571900840052,60
28,0.56983036,interferon_response,0.09213601748788897,0.03518207825931929,60
28,0.56983036,nfkb_inflammatory,0.06668006904336181,0.026719382474440372,60
28,0.56983036,oxidative_stress,0.13044037617960103,0.03529603211741423,60
28,0.56983036,AT2_to_AT1_differentiation,0.3613700090757893,0.05444408247212328,60
28,0.56983036,apoptosis,0.029843126390647512,0.014985726371333113,60
28,0.56983036,senescence,0.08917929194308509,0.023158335823210162,60
29,0.58910614,AT2_identity,0.8871237041045394,0.10407844490403788,58
29,0.58910614,AT1_identity,0.17370012258779277,0.04376795411643582,58
29,0.58910614,interferon_response,0.059558256889888146,0.020700831211776898,58
29,0.58910614,nfkb_inflammatory,0.07955739311173159,0.02497965442267568,58
29,0.58910614,oxidative_stress,0.1634199799261059,0.03926587318403763,58
29,0.58910614,AT2_to_AT1_differentiation,0.393918055720664,0.05756111295132007,58
29,0.58910614,apoptosis,0.038440294889765664,0.016703743948341017,58
29,0.58910614,senescence,0.009417585723626418,0.018948523423471697,58
30,0.6091569,AT2_identity,1.1818275368091349,0.11205882048159965,35
30,0.6091569,AT1_identity,0.2922485278269045,0.05203460185227742,35
30,0.6091569,interferon_response,0.106614049614875,0.03753245847222532,35
30,0.6091569,nfkb_inflammatory,0.13721338362858815,0.04145414798223971,35
30,0.6091569,oxidative_stress,0.19296294625041968,0.049347884681703494,35
30,0.6091569,AT2_to_AT1_differentiation,0.4803565028416076,0.08652530272911355,35
30,0.6091569,apoptosis,0.03329814242938262,0.024967501070489114,35
30,0.6091569,senescence,0.06919369461770729,0.03335936200062331,35
31,0.6294079,AT2_identity,0.8974053186666212,0.13394846264482024,34
31,0.6294079,AT1_identity,0.16869940592249547,0.04622209460639157,34
31,0.6294079,interferon_response,0.1015469566691077,0.04441133957851,34
31,0.6294079,nfkb_inflammatory,0.06742239760587827,0.0320562614450891,34
31,0.6294079,oxidative_stress,0.18259083279025914,0.05361890384806652,34
31,0.6294079,AT2_to_AT1_differentiation,0.46678085923871304,0.08150847397024714,34
31,0.6294079,apoptosis,0.04237296025891413,0.01939727188090473,34
31,0.6294079,senescence,0.049474359596375424,0.025758837822327626,34
32,0.6504677,AT2_identity,0.7334921247732151,0.14368731124330186,25
32,0.6504677,AT1_identity,0.16995347338232508,0.05356585821554762,25
32,0.6504677,interferon_response,0.058284850919303785,0.04227401981938864,25
32,0.6504677,nfkb_inflammatory,0.07209723285856437,0.04272043486474469,25
32,0.6504677,oxidative_stress,0.10051402860365495,0.052761068324001514,25
32,0.6504677,AT2_to_AT1_differentiation,0.24311458629673566,0.071018756243475,25
32,0.6504677,apoptosis,0.025925532776115662,0.025790606600401778,25
32,0.6504677,senescence,0.0016340712412694718,0.025900384349947826,25
33,0.67102104,AT2_identity,0.8643236230203558,0.149026917767468,21
33,0.67102104,AT1_identity,0.21451818682137047,0.06295071423082862,21
33,0.67102104,interferon_response,-0.01731458233535112,0.039870551136082934,21
33,0.67102104,nfkb_inflammatory,0.010026721508133465,0.03842669528719255,21
33,0.67102104,oxidative_stress,0.09118837601772868,0.05778204154510213,21
33,0.67102104,AT2_to_AT1_differentiation,0.26591886925858976,0.09805766808433859,21
33,0.67102104,apoptosis,0.06092872435945484,0.024868025807923102,21
33,0.67102104,senescence,0.012934040943927657,0.032797079054783976,21
34,0.6897509,AT2_identity,0.7902938867666555,0.14763338601617837,13
34,0.6897509,AT1_identity,0.35624738684391516,0.11197712166892912,13
34,0.6897509,interferon_response,-0.06777019693725145,0.011226755718815509,13
34,0.6897509,nfkb_inflammatory,0.014288873510876914,0.05296171500308414,13
34,0.6897509,oxidative_stress,-0.10625299818244957,0.04131046191496895,13
34,0.6897509,AT2_to_AT1_differentiation,0.12287069366064028,0.0508197093154645,13
34,0.6897509,apoptosis,0.03597810868048624,0.041525501836991274,13
34,0.6897509,senescence,-0.0632446329063259,0.023224991057900518,13
35,0.70820487,AT2_identity,0.6363976796353369,0.09678085396307474,35
35,0.70820487,AT1_identity,0.12912020050286585,0.058240726778419065,35
35,0.70820487,interferon_response,-0.023480809157040188,0.017730879549123318,35
35,0.70820487,nfkb_inflammatory,-0.012107715733398725,0.02425911428041308,35
35,0.70820487,oxidative_stress,0.019533896807514637,0.03900481381700021,35
35,0.70820487,AT2_to_AT1_differentiation,0.12924453807544037,0.05309396869273078,35
35,0.70820487,apoptosis,-0.00972676885200329,0.012931233125092775,35
35,0.70820487,senescence,0.0023269152838747593,0.02704246798837767,35
36,0.72926974,AT2_identity,0.6796567155923969,0.09972795301473712,25
36,0.72926974,AT1_identity,0.20239181713910745,0.0542293618247611,25
36,0.72926974,interferon_response,-0.01049232127132766,0.024956130351119786,25
36,0.72926974,nfkb_inflammatory,0.003071679302170501,0.03632990116495187,25
36,0.72926974,oxidative_stress,-0.0002064142695490384,0.039990153348063925,25
36,0.72926974,AT2_to_AT1_differentiation,0.22403916703308724,0.06280110302949855,25
36,0.72926974,apoptosis,0.002980458013749182,0.0204198928652909,25
36,0.72926974,senescence,-0.027078049765550755,0.025107356301370214,25
37,0.7474918,AT2_identity,0.7201888289519639,0.15028646437400908,12
37,0.7474918,AT1_identity,0.27330625804650766,0.06526737149180162,12
37,0.7474918,interferon_response,0.04768672078311468,0.05176649748002174,12
37,0.7474918,nfkb_inflammatory,0.03141723154353677,0.03492400296847574,12
37,0.7474918,oxidative_stress,0.0011491866709074487,0.046468809161682285,12
37,0.7474918,AT2_to_AT1_differentiation,0.05852471425316843,0.055357490719294404,12
37,0.7474918,apoptosis,0.039201645645262406,0.046559712840061364,12
37,0.7474918,senescence,-0.010737594327018605,0.037079047174901555,12
38,0.76890343,AT2_identity,0.7849800629852153,0.1258945159736371,17
38,0.76890343,AT1_identity,0.09571841368744494,0.05893470501729494,17
38,0.76890343,interferon_response,-0.05395919572643103,0.02261975201088664,17
38,0.76890343,nfkb_inflammatory,0.09601267392594907,0.0668119143329397,17
38,0.76890343,oxidative_stress,0.00962928926739959,0.038737290778305684,17
38,0.76890343,AT2_to_AT1_differentiation,0.036118307912556,0.047383740812324056,17
38,0.76890343,apoptosis,0.005566429834794411,0.027783982340091152,17
38,0.76890343,senescence,-0.04517292732571174,0.021914292856484274,17
39,0.7897012,AT2_identity,0.7257428000362357,0.10447270138721607,19
39,0.7897012,AT1_identity,0.37828257376804686,0.08221543287898456,19
39,0.7897012,interferon_response,0.03750078119758886,0.05968657360275988,19
39,0.7897012,nfkb_inflammatory,-0.02105412548436064,0.038239218115726614,19
39,0.7897012,oxidative_stress,0.015928560461816704,0.043786762390339136,19
39,0.7897012,AT2_to_AT1_differentiation,0.3523685485719393,0.06371363123271097,19
39,0.7897012,apoptosis,0.05336169054768976,0.04043289110080747,19
39,0.7897012,senescence,0.007486189557744825,0.03129029474648555,19
40,0.8110323,AT2_identity,0.7696910880660087,0.09960815186338269,20
40,0.8110323,AT1_identity,0.12193412770643297,0.052473814434279654,20
40,0.8110323,interferon_response,0.012963109475875484,0.03068216355021321,20
40,0.8110323,nfkb_inflammatory,-0.01947059663802353,0.02409759474576809,20
40,0.8110323,oxidative_stress,-0.016430205053630107,0.042124480254809436,20
40,0.8110323,AT2_to_AT1_differentiation,0.0017845168727020951,0.053038721041454844,20
40,0.8110323,apoptosis,0.03193149051770187,0.027403761184734372,20
40,0.8110323,senescence,0.0390726715407944,0.02632632808319698,20
41,0.832995,AT2_identity,0.5062169298713196,0.14750997718104544,12
41,0.832995,AT1_identity,0.24994601353332832,0.09622210437040303,12
41,0.832995,interferon_response,0.008173837899062744,0.036058514380224754,12
41,0.832995,nfkb_inflammatory,0.06981348575813134,0.03249000929895235,12
41,0.832995,oxidative_stress,0.05055149933880899,0.03248450427649914,12
41,0.832995,AT2_to_AT1_differentiation,0.12844450025347043,0.06416390172269269,12
41,0.832995,apoptosis,-0.0022357556237704024,0.028838864476268145,12
41,0.832995,senescence,0.0370219934320968,0.04154597714174589,12
42,0.84621835,AT2_identity,0.9018457244362773,0.11280369024509339,8
42,0.84621835,AT1_identity,0.4627517928898688,0.14242910722437813,8
42,0.84621835,interferon_response,0.06869656311672878,0.07247539677516773,8
42,0.84621835,nfkb_inflammatory,-0.07982407154288323,0.036705022714036036,8
42,0.84621835,oxidative_stress,-0.03568605505457274,0.076265152571507,8
42,0.84621835,AT2_to_AT1_differentiation,0.18235457767382585,0.09102190961657419,8
42,0.84621835,apoptosis,-0.0021151884101606837,0.032435224381987655,8
42,0.84621835,senescence,-0.0683979524206878,0.028909311907384737,8
43,0.8692169,AT2_identity,0.3702661710072072,0.1231586401434539,7
43,0.8692169,AT1_identity,0.2689169404481182,0.1735108117588616,7
43,0.8692169,interferon_response,0.006335918380030987,0.03432444058705824,7
43,0.8692169,nfkb_inflammatory,-0.010298585143922066,0.05243017446930782,7
43,0.8692169,oxidative_stress,0.05776444293731461,0.07322617045906273,7
43,0.8692169,AT2_to_AT1_differentiation,0.13529148951085718,0.14666224671903177,7
43,0.8692169,apoptosis,-0.05155014925942497,0.022862397734323404,7
43,0.8692169,senescence,0.012247119280449264,0.05541285326641924,7
45,0.90981936,AT2_identity,-0.23283339956528173,0.27951271943789197,3
45,0.90981936,AT1_identity,0.22324104994525326,0.22436904409520475,3
45,0.90981936,interferon_response,0.02875528524985535,0.09594178694867175,3
45,0.90981936,nfkb_inflammatory,-0.0038660116620776778,0.05570899003347346,3
45,0.90981936,oxidative_stress,-0.11707723697735567,0.04674059736187879,3
45,0.90981936,AT2_to_AT1_differentiation,0.11382900045722115,0.21553104638708478,3
45,0.90981936,apoptosis,0.10007260501796127,0.16398664029015173,3
45,0.90981936,senescence,-0.036003950809962694,0.05140927067991467,3
47,0.94706345,AT2_identity,-0.14316283679986708,0.21151661232563582,3
47,0.94706345,AT1_identity,0.24054166566757088,0.15020544122761617,3
47,0.94706345,interferon_response,0.04223685543436851,0.07080893810501651,3
47,0.94706345,nfkb_inflammatory,0.11290743242336221,0.04580736903485672,3
47,0.94706345,oxidative_stress,-0.03527987558101131,0.19603816618395084,3
47,0.94706345,AT2_to_AT1_differentiation,0.48654157066369036,0.0385852965809149,3
47,0.94706345,apoptosis,0.04074163967276412,0.07634557780711598,3
47,0.94706345,senescence,-0.10213145766124904,0.040215857460351424,3
49,0.99795485,AT2_identity,-0.260403091155954,0.22204976426721,3
49,0.99795485,AT1_identity,-0.02264246166841753,0.02587728339676845,3
49,0.99795485,interferon_response,0.055874972055186635,0.07464063789248088,3
49,0.99795485,nfkb_inflammatory,0.016252213264847205,0.1028695281605207,3
49,0.99795485,oxidative_stress,0.12656185900653213,0.11940450366625367,3
49,0.99795485,AT2_to_AT1_differentiation,0.017483548393908328,0.2871857412971935,3
49,0.99795485,apoptosis,0.016522428036684984,0.11791127167230278,3
49,0.99795485,senescence,0.009893935836152131,0.05065685428368378,3
